name,type,direction,description
feature_0000,integer,,Feature 0 of the Avalon fingerprints
feature_0001,integer,,Feature 1 of the Avalon fingerprints
feature_0002,integer,,Feature 2 of the Avalon fingerprints
feature_0003,integer,,Feature 3 of the Avalon fingerprints
feature_0004,integer,,Feature 4 of the Avalon fingerprints
feature_0005,integer,,Feature 5 of the Avalon fingerprints
feature_0006,integer,,Feature 6 of the Avalon fingerprints
feature_0007,integer,,Feature 7 of the Avalon fingerprints
feature_0008,integer,,Feature 8 of the Avalon fingerprints
feature_0009,integer,,Feature 9 of the Avalon fingerprints
feature_0010,integer,,Feature 10 of the Avalon fingerprints
feature_0011,integer,,Feature 11 of the Avalon fingerprints
feature_0012,integer,,Feature 12 of the Avalon fingerprints
feature_0013,integer,,Feature 13 of the Avalon fingerprints
feature_0014,integer,,Feature 14 of the Avalon fingerprints
feature_0015,integer,,Feature 15 of the Avalon fingerprints
feature_0016,integer,,Feature 16 of the Avalon fingerprints
feature_0017,integer,,Feature 17 of the Avalon fingerprints
feature_0018,integer,,Feature 18 of the Avalon fingerprints
feature_0019,integer,,Feature 19 of the Avalon fingerprints
feature_0020,integer,,Feature 20 of the Avalon fingerprints
feature_0021,integer,,Feature 21 of the Avalon fingerprints
feature_0022,integer,,Feature 22 of the Avalon fingerprints
feature_0023,integer,,Feature 23 of the Avalon fingerprints
feature_0024,integer,,Feature 24 of the Avalon fingerprints
feature_0025,integer,,Feature 25 of the Avalon fingerprints
feature_0026,integer,,Feature 26 of the Avalon fingerprints
feature_0027,integer,,Feature 27 of the Avalon fingerprints
feature_0028,integer,,Feature 28 of the Avalon fingerprints
feature_0029,integer,,Feature 29 of the Avalon fingerprints
feature_0030,integer,,Feature 30 of the Avalon fingerprints
feature_0031,integer,,Feature 31 of the Avalon fingerprints
feature_0032,integer,,Feature 32 of the Avalon fingerprints
feature_0033,integer,,Feature 33 of the Avalon fingerprints
feature_0034,integer,,Feature 34 of the Avalon fingerprints
feature_0035,integer,,Feature 35 of the Avalon fingerprints
feature_0036,integer,,Feature 36 of the Avalon fingerprints
feature_0037,integer,,Feature 37 of the Avalon fingerprints
feature_0038,integer,,Feature 38 of the Avalon fingerprints
feature_0039,integer,,Feature 39 of the Avalon fingerprints
feature_0040,integer,,Feature 40 of the Avalon fingerprints
feature_0041,integer,,Feature 41 of the Avalon fingerprints
feature_0042,integer,,Feature 42 of the Avalon fingerprints
feature_0043,integer,,Feature 43 of the Avalon fingerprints
feature_0044,integer,,Feature 44 of the Avalon fingerprints
feature_0045,integer,,Feature 45 of the Avalon fingerprints
feature_0046,integer,,Feature 46 of the Avalon fingerprints
feature_0047,integer,,Feature 47 of the Avalon fingerprints
feature_0048,integer,,Feature 48 of the Avalon fingerprints
feature_0049,integer,,Feature 49 of the Avalon fingerprints
feature_0050,integer,,Feature 50 of the Avalon fingerprints
feature_0051,integer,,Feature 51 of the Avalon fingerprints
feature_0052,integer,,Feature 52 of the Avalon fingerprints
feature_0053,integer,,Feature 53 of the Avalon fingerprints
feature_0054,integer,,Feature 54 of the Avalon fingerprints
feature_0055,integer,,Feature 55 of the Avalon fingerprints
feature_0056,integer,,Feature 56 of the Avalon fingerprints
feature_0057,integer,,Feature 57 of the Avalon fingerprints
feature_0058,integer,,Feature 58 of the Avalon fingerprints
feature_0059,integer,,Feature 59 of the Avalon fingerprints
feature_0060,integer,,Feature 60 of the Avalon fingerprints
feature_0061,integer,,Feature 61 of the Avalon fingerprints
feature_0062,integer,,Feature 62 of the Avalon fingerprints
feature_0063,integer,,Feature 63 of the Avalon fingerprints
feature_0064,integer,,Feature 64 of the Avalon fingerprints
feature_0065,integer,,Feature 65 of the Avalon fingerprints
feature_0066,integer,,Feature 66 of the Avalon fingerprints
feature_0067,integer,,Feature 67 of the Avalon fingerprints
feature_0068,integer,,Feature 68 of the Avalon fingerprints
feature_0069,integer,,Feature 69 of the Avalon fingerprints
feature_0070,integer,,Feature 70 of the Avalon fingerprints
feature_0071,integer,,Feature 71 of the Avalon fingerprints
feature_0072,integer,,Feature 72 of the Avalon fingerprints
feature_0073,integer,,Feature 73 of the Avalon fingerprints
feature_0074,integer,,Feature 74 of the Avalon fingerprints
feature_0075,integer,,Feature 75 of the Avalon fingerprints
feature_0076,integer,,Feature 76 of the Avalon fingerprints
feature_0077,integer,,Feature 77 of the Avalon fingerprints
feature_0078,integer,,Feature 78 of the Avalon fingerprints
feature_0079,integer,,Feature 79 of the Avalon fingerprints
feature_0080,integer,,Feature 80 of the Avalon fingerprints
feature_0081,integer,,Feature 81 of the Avalon fingerprints
feature_0082,integer,,Feature 82 of the Avalon fingerprints
feature_0083,integer,,Feature 83 of the Avalon fingerprints
feature_0084,integer,,Feature 84 of the Avalon fingerprints
feature_0085,integer,,Feature 85 of the Avalon fingerprints
feature_0086,integer,,Feature 86 of the Avalon fingerprints
feature_0087,integer,,Feature 87 of the Avalon fingerprints
feature_0088,integer,,Feature 88 of the Avalon fingerprints
feature_0089,integer,,Feature 89 of the Avalon fingerprints
feature_0090,integer,,Feature 90 of the Avalon fingerprints
feature_0091,integer,,Feature 91 of the Avalon fingerprints
feature_0092,integer,,Feature 92 of the Avalon fingerprints
feature_0093,integer,,Feature 93 of the Avalon fingerprints
feature_0094,integer,,Feature 94 of the Avalon fingerprints
feature_0095,integer,,Feature 95 of the Avalon fingerprints
feature_0096,integer,,Feature 96 of the Avalon fingerprints
feature_0097,integer,,Feature 97 of the Avalon fingerprints
feature_0098,integer,,Feature 98 of the Avalon fingerprints
feature_0099,integer,,Feature 99 of the Avalon fingerprints
feature_0100,integer,,Feature 100 of the Avalon fingerprints
feature_0101,integer,,Feature 101 of the Avalon fingerprints
feature_0102,integer,,Feature 102 of the Avalon fingerprints
feature_0103,integer,,Feature 103 of the Avalon fingerprints
feature_0104,integer,,Feature 104 of the Avalon fingerprints
feature_0105,integer,,Feature 105 of the Avalon fingerprints
feature_0106,integer,,Feature 106 of the Avalon fingerprints
feature_0107,integer,,Feature 107 of the Avalon fingerprints
feature_0108,integer,,Feature 108 of the Avalon fingerprints
feature_0109,integer,,Feature 109 of the Avalon fingerprints
feature_0110,integer,,Feature 110 of the Avalon fingerprints
feature_0111,integer,,Feature 111 of the Avalon fingerprints
feature_0112,integer,,Feature 112 of the Avalon fingerprints
feature_0113,integer,,Feature 113 of the Avalon fingerprints
feature_0114,integer,,Feature 114 of the Avalon fingerprints
feature_0115,integer,,Feature 115 of the Avalon fingerprints
feature_0116,integer,,Feature 116 of the Avalon fingerprints
feature_0117,integer,,Feature 117 of the Avalon fingerprints
feature_0118,integer,,Feature 118 of the Avalon fingerprints
feature_0119,integer,,Feature 119 of the Avalon fingerprints
feature_0120,integer,,Feature 120 of the Avalon fingerprints
feature_0121,integer,,Feature 121 of the Avalon fingerprints
feature_0122,integer,,Feature 122 of the Avalon fingerprints
feature_0123,integer,,Feature 123 of the Avalon fingerprints
feature_0124,integer,,Feature 124 of the Avalon fingerprints
feature_0125,integer,,Feature 125 of the Avalon fingerprints
feature_0126,integer,,Feature 126 of the Avalon fingerprints
feature_0127,integer,,Feature 127 of the Avalon fingerprints
feature_0128,integer,,Feature 128 of the Avalon fingerprints
feature_0129,integer,,Feature 129 of the Avalon fingerprints
feature_0130,integer,,Feature 130 of the Avalon fingerprints
feature_0131,integer,,Feature 131 of the Avalon fingerprints
feature_0132,integer,,Feature 132 of the Avalon fingerprints
feature_0133,integer,,Feature 133 of the Avalon fingerprints
feature_0134,integer,,Feature 134 of the Avalon fingerprints
feature_0135,integer,,Feature 135 of the Avalon fingerprints
feature_0136,integer,,Feature 136 of the Avalon fingerprints
feature_0137,integer,,Feature 137 of the Avalon fingerprints
feature_0138,integer,,Feature 138 of the Avalon fingerprints
feature_0139,integer,,Feature 139 of the Avalon fingerprints
feature_0140,integer,,Feature 140 of the Avalon fingerprints
feature_0141,integer,,Feature 141 of the Avalon fingerprints
feature_0142,integer,,Feature 142 of the Avalon fingerprints
feature_0143,integer,,Feature 143 of the Avalon fingerprints
feature_0144,integer,,Feature 144 of the Avalon fingerprints
feature_0145,integer,,Feature 145 of the Avalon fingerprints
feature_0146,integer,,Feature 146 of the Avalon fingerprints
feature_0147,integer,,Feature 147 of the Avalon fingerprints
feature_0148,integer,,Feature 148 of the Avalon fingerprints
feature_0149,integer,,Feature 149 of the Avalon fingerprints
feature_0150,integer,,Feature 150 of the Avalon fingerprints
feature_0151,integer,,Feature 151 of the Avalon fingerprints
feature_0152,integer,,Feature 152 of the Avalon fingerprints
feature_0153,integer,,Feature 153 of the Avalon fingerprints
feature_0154,integer,,Feature 154 of the Avalon fingerprints
feature_0155,integer,,Feature 155 of the Avalon fingerprints
feature_0156,integer,,Feature 156 of the Avalon fingerprints
feature_0157,integer,,Feature 157 of the Avalon fingerprints
feature_0158,integer,,Feature 158 of the Avalon fingerprints
feature_0159,integer,,Feature 159 of the Avalon fingerprints
feature_0160,integer,,Feature 160 of the Avalon fingerprints
feature_0161,integer,,Feature 161 of the Avalon fingerprints
feature_0162,integer,,Feature 162 of the Avalon fingerprints
feature_0163,integer,,Feature 163 of the Avalon fingerprints
feature_0164,integer,,Feature 164 of the Avalon fingerprints
feature_0165,integer,,Feature 165 of the Avalon fingerprints
feature_0166,integer,,Feature 166 of the Avalon fingerprints
feature_0167,integer,,Feature 167 of the Avalon fingerprints
feature_0168,integer,,Feature 168 of the Avalon fingerprints
feature_0169,integer,,Feature 169 of the Avalon fingerprints
feature_0170,integer,,Feature 170 of the Avalon fingerprints
feature_0171,integer,,Feature 171 of the Avalon fingerprints
feature_0172,integer,,Feature 172 of the Avalon fingerprints
feature_0173,integer,,Feature 173 of the Avalon fingerprints
feature_0174,integer,,Feature 174 of the Avalon fingerprints
feature_0175,integer,,Feature 175 of the Avalon fingerprints
feature_0176,integer,,Feature 176 of the Avalon fingerprints
feature_0177,integer,,Feature 177 of the Avalon fingerprints
feature_0178,integer,,Feature 178 of the Avalon fingerprints
feature_0179,integer,,Feature 179 of the Avalon fingerprints
feature_0180,integer,,Feature 180 of the Avalon fingerprints
feature_0181,integer,,Feature 181 of the Avalon fingerprints
feature_0182,integer,,Feature 182 of the Avalon fingerprints
feature_0183,integer,,Feature 183 of the Avalon fingerprints
feature_0184,integer,,Feature 184 of the Avalon fingerprints
feature_0185,integer,,Feature 185 of the Avalon fingerprints
feature_0186,integer,,Feature 186 of the Avalon fingerprints
feature_0187,integer,,Feature 187 of the Avalon fingerprints
feature_0188,integer,,Feature 188 of the Avalon fingerprints
feature_0189,integer,,Feature 189 of the Avalon fingerprints
feature_0190,integer,,Feature 190 of the Avalon fingerprints
feature_0191,integer,,Feature 191 of the Avalon fingerprints
feature_0192,integer,,Feature 192 of the Avalon fingerprints
feature_0193,integer,,Feature 193 of the Avalon fingerprints
feature_0194,integer,,Feature 194 of the Avalon fingerprints
feature_0195,integer,,Feature 195 of the Avalon fingerprints
feature_0196,integer,,Feature 196 of the Avalon fingerprints
feature_0197,integer,,Feature 197 of the Avalon fingerprints
feature_0198,integer,,Feature 198 of the Avalon fingerprints
feature_0199,integer,,Feature 199 of the Avalon fingerprints
feature_0200,integer,,Feature 200 of the Avalon fingerprints
feature_0201,integer,,Feature 201 of the Avalon fingerprints
feature_0202,integer,,Feature 202 of the Avalon fingerprints
feature_0203,integer,,Feature 203 of the Avalon fingerprints
feature_0204,integer,,Feature 204 of the Avalon fingerprints
feature_0205,integer,,Feature 205 of the Avalon fingerprints
feature_0206,integer,,Feature 206 of the Avalon fingerprints
feature_0207,integer,,Feature 207 of the Avalon fingerprints
feature_0208,integer,,Feature 208 of the Avalon fingerprints
feature_0209,integer,,Feature 209 of the Avalon fingerprints
feature_0210,integer,,Feature 210 of the Avalon fingerprints
feature_0211,integer,,Feature 211 of the Avalon fingerprints
feature_0212,integer,,Feature 212 of the Avalon fingerprints
feature_0213,integer,,Feature 213 of the Avalon fingerprints
feature_0214,integer,,Feature 214 of the Avalon fingerprints
feature_0215,integer,,Feature 215 of the Avalon fingerprints
feature_0216,integer,,Feature 216 of the Avalon fingerprints
feature_0217,integer,,Feature 217 of the Avalon fingerprints
feature_0218,integer,,Feature 218 of the Avalon fingerprints
feature_0219,integer,,Feature 219 of the Avalon fingerprints
feature_0220,integer,,Feature 220 of the Avalon fingerprints
feature_0221,integer,,Feature 221 of the Avalon fingerprints
feature_0222,integer,,Feature 222 of the Avalon fingerprints
feature_0223,integer,,Feature 223 of the Avalon fingerprints
feature_0224,integer,,Feature 224 of the Avalon fingerprints
feature_0225,integer,,Feature 225 of the Avalon fingerprints
feature_0226,integer,,Feature 226 of the Avalon fingerprints
feature_0227,integer,,Feature 227 of the Avalon fingerprints
feature_0228,integer,,Feature 228 of the Avalon fingerprints
feature_0229,integer,,Feature 229 of the Avalon fingerprints
feature_0230,integer,,Feature 230 of the Avalon fingerprints
feature_0231,integer,,Feature 231 of the Avalon fingerprints
feature_0232,integer,,Feature 232 of the Avalon fingerprints
feature_0233,integer,,Feature 233 of the Avalon fingerprints
feature_0234,integer,,Feature 234 of the Avalon fingerprints
feature_0235,integer,,Feature 235 of the Avalon fingerprints
feature_0236,integer,,Feature 236 of the Avalon fingerprints
feature_0237,integer,,Feature 237 of the Avalon fingerprints
feature_0238,integer,,Feature 238 of the Avalon fingerprints
feature_0239,integer,,Feature 239 of the Avalon fingerprints
feature_0240,integer,,Feature 240 of the Avalon fingerprints
feature_0241,integer,,Feature 241 of the Avalon fingerprints
feature_0242,integer,,Feature 242 of the Avalon fingerprints
feature_0243,integer,,Feature 243 of the Avalon fingerprints
feature_0244,integer,,Feature 244 of the Avalon fingerprints
feature_0245,integer,,Feature 245 of the Avalon fingerprints
feature_0246,integer,,Feature 246 of the Avalon fingerprints
feature_0247,integer,,Feature 247 of the Avalon fingerprints
feature_0248,integer,,Feature 248 of the Avalon fingerprints
feature_0249,integer,,Feature 249 of the Avalon fingerprints
feature_0250,integer,,Feature 250 of the Avalon fingerprints
feature_0251,integer,,Feature 251 of the Avalon fingerprints
feature_0252,integer,,Feature 252 of the Avalon fingerprints
feature_0253,integer,,Feature 253 of the Avalon fingerprints
feature_0254,integer,,Feature 254 of the Avalon fingerprints
feature_0255,integer,,Feature 255 of the Avalon fingerprints
feature_0256,integer,,Feature 256 of the Avalon fingerprints
feature_0257,integer,,Feature 257 of the Avalon fingerprints
feature_0258,integer,,Feature 258 of the Avalon fingerprints
feature_0259,integer,,Feature 259 of the Avalon fingerprints
feature_0260,integer,,Feature 260 of the Avalon fingerprints
feature_0261,integer,,Feature 261 of the Avalon fingerprints
feature_0262,integer,,Feature 262 of the Avalon fingerprints
feature_0263,integer,,Feature 263 of the Avalon fingerprints
feature_0264,integer,,Feature 264 of the Avalon fingerprints
feature_0265,integer,,Feature 265 of the Avalon fingerprints
feature_0266,integer,,Feature 266 of the Avalon fingerprints
feature_0267,integer,,Feature 267 of the Avalon fingerprints
feature_0268,integer,,Feature 268 of the Avalon fingerprints
feature_0269,integer,,Feature 269 of the Avalon fingerprints
feature_0270,integer,,Feature 270 of the Avalon fingerprints
feature_0271,integer,,Feature 271 of the Avalon fingerprints
feature_0272,integer,,Feature 272 of the Avalon fingerprints
feature_0273,integer,,Feature 273 of the Avalon fingerprints
feature_0274,integer,,Feature 274 of the Avalon fingerprints
feature_0275,integer,,Feature 275 of the Avalon fingerprints
feature_0276,integer,,Feature 276 of the Avalon fingerprints
feature_0277,integer,,Feature 277 of the Avalon fingerprints
feature_0278,integer,,Feature 278 of the Avalon fingerprints
feature_0279,integer,,Feature 279 of the Avalon fingerprints
feature_0280,integer,,Feature 280 of the Avalon fingerprints
feature_0281,integer,,Feature 281 of the Avalon fingerprints
feature_0282,integer,,Feature 282 of the Avalon fingerprints
feature_0283,integer,,Feature 283 of the Avalon fingerprints
feature_0284,integer,,Feature 284 of the Avalon fingerprints
feature_0285,integer,,Feature 285 of the Avalon fingerprints
feature_0286,integer,,Feature 286 of the Avalon fingerprints
feature_0287,integer,,Feature 287 of the Avalon fingerprints
feature_0288,integer,,Feature 288 of the Avalon fingerprints
feature_0289,integer,,Feature 289 of the Avalon fingerprints
feature_0290,integer,,Feature 290 of the Avalon fingerprints
feature_0291,integer,,Feature 291 of the Avalon fingerprints
feature_0292,integer,,Feature 292 of the Avalon fingerprints
feature_0293,integer,,Feature 293 of the Avalon fingerprints
feature_0294,integer,,Feature 294 of the Avalon fingerprints
feature_0295,integer,,Feature 295 of the Avalon fingerprints
feature_0296,integer,,Feature 296 of the Avalon fingerprints
feature_0297,integer,,Feature 297 of the Avalon fingerprints
feature_0298,integer,,Feature 298 of the Avalon fingerprints
feature_0299,integer,,Feature 299 of the Avalon fingerprints
feature_0300,integer,,Feature 300 of the Avalon fingerprints
feature_0301,integer,,Feature 301 of the Avalon fingerprints
feature_0302,integer,,Feature 302 of the Avalon fingerprints
feature_0303,integer,,Feature 303 of the Avalon fingerprints
feature_0304,integer,,Feature 304 of the Avalon fingerprints
feature_0305,integer,,Feature 305 of the Avalon fingerprints
feature_0306,integer,,Feature 306 of the Avalon fingerprints
feature_0307,integer,,Feature 307 of the Avalon fingerprints
feature_0308,integer,,Feature 308 of the Avalon fingerprints
feature_0309,integer,,Feature 309 of the Avalon fingerprints
feature_0310,integer,,Feature 310 of the Avalon fingerprints
feature_0311,integer,,Feature 311 of the Avalon fingerprints
feature_0312,integer,,Feature 312 of the Avalon fingerprints
feature_0313,integer,,Feature 313 of the Avalon fingerprints
feature_0314,integer,,Feature 314 of the Avalon fingerprints
feature_0315,integer,,Feature 315 of the Avalon fingerprints
feature_0316,integer,,Feature 316 of the Avalon fingerprints
feature_0317,integer,,Feature 317 of the Avalon fingerprints
feature_0318,integer,,Feature 318 of the Avalon fingerprints
feature_0319,integer,,Feature 319 of the Avalon fingerprints
feature_0320,integer,,Feature 320 of the Avalon fingerprints
feature_0321,integer,,Feature 321 of the Avalon fingerprints
feature_0322,integer,,Feature 322 of the Avalon fingerprints
feature_0323,integer,,Feature 323 of the Avalon fingerprints
feature_0324,integer,,Feature 324 of the Avalon fingerprints
feature_0325,integer,,Feature 325 of the Avalon fingerprints
feature_0326,integer,,Feature 326 of the Avalon fingerprints
feature_0327,integer,,Feature 327 of the Avalon fingerprints
feature_0328,integer,,Feature 328 of the Avalon fingerprints
feature_0329,integer,,Feature 329 of the Avalon fingerprints
feature_0330,integer,,Feature 330 of the Avalon fingerprints
feature_0331,integer,,Feature 331 of the Avalon fingerprints
feature_0332,integer,,Feature 332 of the Avalon fingerprints
feature_0333,integer,,Feature 333 of the Avalon fingerprints
feature_0334,integer,,Feature 334 of the Avalon fingerprints
feature_0335,integer,,Feature 335 of the Avalon fingerprints
feature_0336,integer,,Feature 336 of the Avalon fingerprints
feature_0337,integer,,Feature 337 of the Avalon fingerprints
feature_0338,integer,,Feature 338 of the Avalon fingerprints
feature_0339,integer,,Feature 339 of the Avalon fingerprints
feature_0340,integer,,Feature 340 of the Avalon fingerprints
feature_0341,integer,,Feature 341 of the Avalon fingerprints
feature_0342,integer,,Feature 342 of the Avalon fingerprints
feature_0343,integer,,Feature 343 of the Avalon fingerprints
feature_0344,integer,,Feature 344 of the Avalon fingerprints
feature_0345,integer,,Feature 345 of the Avalon fingerprints
feature_0346,integer,,Feature 346 of the Avalon fingerprints
feature_0347,integer,,Feature 347 of the Avalon fingerprints
feature_0348,integer,,Feature 348 of the Avalon fingerprints
feature_0349,integer,,Feature 349 of the Avalon fingerprints
feature_0350,integer,,Feature 350 of the Avalon fingerprints
feature_0351,integer,,Feature 351 of the Avalon fingerprints
feature_0352,integer,,Feature 352 of the Avalon fingerprints
feature_0353,integer,,Feature 353 of the Avalon fingerprints
feature_0354,integer,,Feature 354 of the Avalon fingerprints
feature_0355,integer,,Feature 355 of the Avalon fingerprints
feature_0356,integer,,Feature 356 of the Avalon fingerprints
feature_0357,integer,,Feature 357 of the Avalon fingerprints
feature_0358,integer,,Feature 358 of the Avalon fingerprints
feature_0359,integer,,Feature 359 of the Avalon fingerprints
feature_0360,integer,,Feature 360 of the Avalon fingerprints
feature_0361,integer,,Feature 361 of the Avalon fingerprints
feature_0362,integer,,Feature 362 of the Avalon fingerprints
feature_0363,integer,,Feature 363 of the Avalon fingerprints
feature_0364,integer,,Feature 364 of the Avalon fingerprints
feature_0365,integer,,Feature 365 of the Avalon fingerprints
feature_0366,integer,,Feature 366 of the Avalon fingerprints
feature_0367,integer,,Feature 367 of the Avalon fingerprints
feature_0368,integer,,Feature 368 of the Avalon fingerprints
feature_0369,integer,,Feature 369 of the Avalon fingerprints
feature_0370,integer,,Feature 370 of the Avalon fingerprints
feature_0371,integer,,Feature 371 of the Avalon fingerprints
feature_0372,integer,,Feature 372 of the Avalon fingerprints
feature_0373,integer,,Feature 373 of the Avalon fingerprints
feature_0374,integer,,Feature 374 of the Avalon fingerprints
feature_0375,integer,,Feature 375 of the Avalon fingerprints
feature_0376,integer,,Feature 376 of the Avalon fingerprints
feature_0377,integer,,Feature 377 of the Avalon fingerprints
feature_0378,integer,,Feature 378 of the Avalon fingerprints
feature_0379,integer,,Feature 379 of the Avalon fingerprints
feature_0380,integer,,Feature 380 of the Avalon fingerprints
feature_0381,integer,,Feature 381 of the Avalon fingerprints
feature_0382,integer,,Feature 382 of the Avalon fingerprints
feature_0383,integer,,Feature 383 of the Avalon fingerprints
feature_0384,integer,,Feature 384 of the Avalon fingerprints
feature_0385,integer,,Feature 385 of the Avalon fingerprints
feature_0386,integer,,Feature 386 of the Avalon fingerprints
feature_0387,integer,,Feature 387 of the Avalon fingerprints
feature_0388,integer,,Feature 388 of the Avalon fingerprints
feature_0389,integer,,Feature 389 of the Avalon fingerprints
feature_0390,integer,,Feature 390 of the Avalon fingerprints
feature_0391,integer,,Feature 391 of the Avalon fingerprints
feature_0392,integer,,Feature 392 of the Avalon fingerprints
feature_0393,integer,,Feature 393 of the Avalon fingerprints
feature_0394,integer,,Feature 394 of the Avalon fingerprints
feature_0395,integer,,Feature 395 of the Avalon fingerprints
feature_0396,integer,,Feature 396 of the Avalon fingerprints
feature_0397,integer,,Feature 397 of the Avalon fingerprints
feature_0398,integer,,Feature 398 of the Avalon fingerprints
feature_0399,integer,,Feature 399 of the Avalon fingerprints
feature_0400,integer,,Feature 400 of the Avalon fingerprints
feature_0401,integer,,Feature 401 of the Avalon fingerprints
feature_0402,integer,,Feature 402 of the Avalon fingerprints
feature_0403,integer,,Feature 403 of the Avalon fingerprints
feature_0404,integer,,Feature 404 of the Avalon fingerprints
feature_0405,integer,,Feature 405 of the Avalon fingerprints
feature_0406,integer,,Feature 406 of the Avalon fingerprints
feature_0407,integer,,Feature 407 of the Avalon fingerprints
feature_0408,integer,,Feature 408 of the Avalon fingerprints
feature_0409,integer,,Feature 409 of the Avalon fingerprints
feature_0410,integer,,Feature 410 of the Avalon fingerprints
feature_0411,integer,,Feature 411 of the Avalon fingerprints
feature_0412,integer,,Feature 412 of the Avalon fingerprints
feature_0413,integer,,Feature 413 of the Avalon fingerprints
feature_0414,integer,,Feature 414 of the Avalon fingerprints
feature_0415,integer,,Feature 415 of the Avalon fingerprints
feature_0416,integer,,Feature 416 of the Avalon fingerprints
feature_0417,integer,,Feature 417 of the Avalon fingerprints
feature_0418,integer,,Feature 418 of the Avalon fingerprints
feature_0419,integer,,Feature 419 of the Avalon fingerprints
feature_0420,integer,,Feature 420 of the Avalon fingerprints
feature_0421,integer,,Feature 421 of the Avalon fingerprints
feature_0422,integer,,Feature 422 of the Avalon fingerprints
feature_0423,integer,,Feature 423 of the Avalon fingerprints
feature_0424,integer,,Feature 424 of the Avalon fingerprints
feature_0425,integer,,Feature 425 of the Avalon fingerprints
feature_0426,integer,,Feature 426 of the Avalon fingerprints
feature_0427,integer,,Feature 427 of the Avalon fingerprints
feature_0428,integer,,Feature 428 of the Avalon fingerprints
feature_0429,integer,,Feature 429 of the Avalon fingerprints
feature_0430,integer,,Feature 430 of the Avalon fingerprints
feature_0431,integer,,Feature 431 of the Avalon fingerprints
feature_0432,integer,,Feature 432 of the Avalon fingerprints
feature_0433,integer,,Feature 433 of the Avalon fingerprints
feature_0434,integer,,Feature 434 of the Avalon fingerprints
feature_0435,integer,,Feature 435 of the Avalon fingerprints
feature_0436,integer,,Feature 436 of the Avalon fingerprints
feature_0437,integer,,Feature 437 of the Avalon fingerprints
feature_0438,integer,,Feature 438 of the Avalon fingerprints
feature_0439,integer,,Feature 439 of the Avalon fingerprints
feature_0440,integer,,Feature 440 of the Avalon fingerprints
feature_0441,integer,,Feature 441 of the Avalon fingerprints
feature_0442,integer,,Feature 442 of the Avalon fingerprints
feature_0443,integer,,Feature 443 of the Avalon fingerprints
feature_0444,integer,,Feature 444 of the Avalon fingerprints
feature_0445,integer,,Feature 445 of the Avalon fingerprints
feature_0446,integer,,Feature 446 of the Avalon fingerprints
feature_0447,integer,,Feature 447 of the Avalon fingerprints
feature_0448,integer,,Feature 448 of the Avalon fingerprints
feature_0449,integer,,Feature 449 of the Avalon fingerprints
feature_0450,integer,,Feature 450 of the Avalon fingerprints
feature_0451,integer,,Feature 451 of the Avalon fingerprints
feature_0452,integer,,Feature 452 of the Avalon fingerprints
feature_0453,integer,,Feature 453 of the Avalon fingerprints
feature_0454,integer,,Feature 454 of the Avalon fingerprints
feature_0455,integer,,Feature 455 of the Avalon fingerprints
feature_0456,integer,,Feature 456 of the Avalon fingerprints
feature_0457,integer,,Feature 457 of the Avalon fingerprints
feature_0458,integer,,Feature 458 of the Avalon fingerprints
feature_0459,integer,,Feature 459 of the Avalon fingerprints
feature_0460,integer,,Feature 460 of the Avalon fingerprints
feature_0461,integer,,Feature 461 of the Avalon fingerprints
feature_0462,integer,,Feature 462 of the Avalon fingerprints
feature_0463,integer,,Feature 463 of the Avalon fingerprints
feature_0464,integer,,Feature 464 of the Avalon fingerprints
feature_0465,integer,,Feature 465 of the Avalon fingerprints
feature_0466,integer,,Feature 466 of the Avalon fingerprints
feature_0467,integer,,Feature 467 of the Avalon fingerprints
feature_0468,integer,,Feature 468 of the Avalon fingerprints
feature_0469,integer,,Feature 469 of the Avalon fingerprints
feature_0470,integer,,Feature 470 of the Avalon fingerprints
feature_0471,integer,,Feature 471 of the Avalon fingerprints
feature_0472,integer,,Feature 472 of the Avalon fingerprints
feature_0473,integer,,Feature 473 of the Avalon fingerprints
feature_0474,integer,,Feature 474 of the Avalon fingerprints
feature_0475,integer,,Feature 475 of the Avalon fingerprints
feature_0476,integer,,Feature 476 of the Avalon fingerprints
feature_0477,integer,,Feature 477 of the Avalon fingerprints
feature_0478,integer,,Feature 478 of the Avalon fingerprints
feature_0479,integer,,Feature 479 of the Avalon fingerprints
feature_0480,integer,,Feature 480 of the Avalon fingerprints
feature_0481,integer,,Feature 481 of the Avalon fingerprints
feature_0482,integer,,Feature 482 of the Avalon fingerprints
feature_0483,integer,,Feature 483 of the Avalon fingerprints
feature_0484,integer,,Feature 484 of the Avalon fingerprints
feature_0485,integer,,Feature 485 of the Avalon fingerprints
feature_0486,integer,,Feature 486 of the Avalon fingerprints
feature_0487,integer,,Feature 487 of the Avalon fingerprints
feature_0488,integer,,Feature 488 of the Avalon fingerprints
feature_0489,integer,,Feature 489 of the Avalon fingerprints
feature_0490,integer,,Feature 490 of the Avalon fingerprints
feature_0491,integer,,Feature 491 of the Avalon fingerprints
feature_0492,integer,,Feature 492 of the Avalon fingerprints
feature_0493,integer,,Feature 493 of the Avalon fingerprints
feature_0494,integer,,Feature 494 of the Avalon fingerprints
feature_0495,integer,,Feature 495 of the Avalon fingerprints
feature_0496,integer,,Feature 496 of the Avalon fingerprints
feature_0497,integer,,Feature 497 of the Avalon fingerprints
feature_0498,integer,,Feature 498 of the Avalon fingerprints
feature_0499,integer,,Feature 499 of the Avalon fingerprints
feature_0500,integer,,Feature 500 of the Avalon fingerprints
feature_0501,integer,,Feature 501 of the Avalon fingerprints
feature_0502,integer,,Feature 502 of the Avalon fingerprints
feature_0503,integer,,Feature 503 of the Avalon fingerprints
feature_0504,integer,,Feature 504 of the Avalon fingerprints
feature_0505,integer,,Feature 505 of the Avalon fingerprints
feature_0506,integer,,Feature 506 of the Avalon fingerprints
feature_0507,integer,,Feature 507 of the Avalon fingerprints
feature_0508,integer,,Feature 508 of the Avalon fingerprints
feature_0509,integer,,Feature 509 of the Avalon fingerprints
feature_0510,integer,,Feature 510 of the Avalon fingerprints
feature_0511,integer,,Feature 511 of the Avalon fingerprints
feature_0512,integer,,Feature 512 of the Avalon fingerprints
feature_0513,integer,,Feature 513 of the Avalon fingerprints
feature_0514,integer,,Feature 514 of the Avalon fingerprints
feature_0515,integer,,Feature 515 of the Avalon fingerprints
feature_0516,integer,,Feature 516 of the Avalon fingerprints
feature_0517,integer,,Feature 517 of the Avalon fingerprints
feature_0518,integer,,Feature 518 of the Avalon fingerprints
feature_0519,integer,,Feature 519 of the Avalon fingerprints
feature_0520,integer,,Feature 520 of the Avalon fingerprints
feature_0521,integer,,Feature 521 of the Avalon fingerprints
feature_0522,integer,,Feature 522 of the Avalon fingerprints
feature_0523,integer,,Feature 523 of the Avalon fingerprints
feature_0524,integer,,Feature 524 of the Avalon fingerprints
feature_0525,integer,,Feature 525 of the Avalon fingerprints
feature_0526,integer,,Feature 526 of the Avalon fingerprints
feature_0527,integer,,Feature 527 of the Avalon fingerprints
feature_0528,integer,,Feature 528 of the Avalon fingerprints
feature_0529,integer,,Feature 529 of the Avalon fingerprints
feature_0530,integer,,Feature 530 of the Avalon fingerprints
feature_0531,integer,,Feature 531 of the Avalon fingerprints
feature_0532,integer,,Feature 532 of the Avalon fingerprints
feature_0533,integer,,Feature 533 of the Avalon fingerprints
feature_0534,integer,,Feature 534 of the Avalon fingerprints
feature_0535,integer,,Feature 535 of the Avalon fingerprints
feature_0536,integer,,Feature 536 of the Avalon fingerprints
feature_0537,integer,,Feature 537 of the Avalon fingerprints
feature_0538,integer,,Feature 538 of the Avalon fingerprints
feature_0539,integer,,Feature 539 of the Avalon fingerprints
feature_0540,integer,,Feature 540 of the Avalon fingerprints
feature_0541,integer,,Feature 541 of the Avalon fingerprints
feature_0542,integer,,Feature 542 of the Avalon fingerprints
feature_0543,integer,,Feature 543 of the Avalon fingerprints
feature_0544,integer,,Feature 544 of the Avalon fingerprints
feature_0545,integer,,Feature 545 of the Avalon fingerprints
feature_0546,integer,,Feature 546 of the Avalon fingerprints
feature_0547,integer,,Feature 547 of the Avalon fingerprints
feature_0548,integer,,Feature 548 of the Avalon fingerprints
feature_0549,integer,,Feature 549 of the Avalon fingerprints
feature_0550,integer,,Feature 550 of the Avalon fingerprints
feature_0551,integer,,Feature 551 of the Avalon fingerprints
feature_0552,integer,,Feature 552 of the Avalon fingerprints
feature_0553,integer,,Feature 553 of the Avalon fingerprints
feature_0554,integer,,Feature 554 of the Avalon fingerprints
feature_0555,integer,,Feature 555 of the Avalon fingerprints
feature_0556,integer,,Feature 556 of the Avalon fingerprints
feature_0557,integer,,Feature 557 of the Avalon fingerprints
feature_0558,integer,,Feature 558 of the Avalon fingerprints
feature_0559,integer,,Feature 559 of the Avalon fingerprints
feature_0560,integer,,Feature 560 of the Avalon fingerprints
feature_0561,integer,,Feature 561 of the Avalon fingerprints
feature_0562,integer,,Feature 562 of the Avalon fingerprints
feature_0563,integer,,Feature 563 of the Avalon fingerprints
feature_0564,integer,,Feature 564 of the Avalon fingerprints
feature_0565,integer,,Feature 565 of the Avalon fingerprints
feature_0566,integer,,Feature 566 of the Avalon fingerprints
feature_0567,integer,,Feature 567 of the Avalon fingerprints
feature_0568,integer,,Feature 568 of the Avalon fingerprints
feature_0569,integer,,Feature 569 of the Avalon fingerprints
feature_0570,integer,,Feature 570 of the Avalon fingerprints
feature_0571,integer,,Feature 571 of the Avalon fingerprints
feature_0572,integer,,Feature 572 of the Avalon fingerprints
feature_0573,integer,,Feature 573 of the Avalon fingerprints
feature_0574,integer,,Feature 574 of the Avalon fingerprints
feature_0575,integer,,Feature 575 of the Avalon fingerprints
feature_0576,integer,,Feature 576 of the Avalon fingerprints
feature_0577,integer,,Feature 577 of the Avalon fingerprints
feature_0578,integer,,Feature 578 of the Avalon fingerprints
feature_0579,integer,,Feature 579 of the Avalon fingerprints
feature_0580,integer,,Feature 580 of the Avalon fingerprints
feature_0581,integer,,Feature 581 of the Avalon fingerprints
feature_0582,integer,,Feature 582 of the Avalon fingerprints
feature_0583,integer,,Feature 583 of the Avalon fingerprints
feature_0584,integer,,Feature 584 of the Avalon fingerprints
feature_0585,integer,,Feature 585 of the Avalon fingerprints
feature_0586,integer,,Feature 586 of the Avalon fingerprints
feature_0587,integer,,Feature 587 of the Avalon fingerprints
feature_0588,integer,,Feature 588 of the Avalon fingerprints
feature_0589,integer,,Feature 589 of the Avalon fingerprints
feature_0590,integer,,Feature 590 of the Avalon fingerprints
feature_0591,integer,,Feature 591 of the Avalon fingerprints
feature_0592,integer,,Feature 592 of the Avalon fingerprints
feature_0593,integer,,Feature 593 of the Avalon fingerprints
feature_0594,integer,,Feature 594 of the Avalon fingerprints
feature_0595,integer,,Feature 595 of the Avalon fingerprints
feature_0596,integer,,Feature 596 of the Avalon fingerprints
feature_0597,integer,,Feature 597 of the Avalon fingerprints
feature_0598,integer,,Feature 598 of the Avalon fingerprints
feature_0599,integer,,Feature 599 of the Avalon fingerprints
feature_0600,integer,,Feature 600 of the Avalon fingerprints
feature_0601,integer,,Feature 601 of the Avalon fingerprints
feature_0602,integer,,Feature 602 of the Avalon fingerprints
feature_0603,integer,,Feature 603 of the Avalon fingerprints
feature_0604,integer,,Feature 604 of the Avalon fingerprints
feature_0605,integer,,Feature 605 of the Avalon fingerprints
feature_0606,integer,,Feature 606 of the Avalon fingerprints
feature_0607,integer,,Feature 607 of the Avalon fingerprints
feature_0608,integer,,Feature 608 of the Avalon fingerprints
feature_0609,integer,,Feature 609 of the Avalon fingerprints
feature_0610,integer,,Feature 610 of the Avalon fingerprints
feature_0611,integer,,Feature 611 of the Avalon fingerprints
feature_0612,integer,,Feature 612 of the Avalon fingerprints
feature_0613,integer,,Feature 613 of the Avalon fingerprints
feature_0614,integer,,Feature 614 of the Avalon fingerprints
feature_0615,integer,,Feature 615 of the Avalon fingerprints
feature_0616,integer,,Feature 616 of the Avalon fingerprints
feature_0617,integer,,Feature 617 of the Avalon fingerprints
feature_0618,integer,,Feature 618 of the Avalon fingerprints
feature_0619,integer,,Feature 619 of the Avalon fingerprints
feature_0620,integer,,Feature 620 of the Avalon fingerprints
feature_0621,integer,,Feature 621 of the Avalon fingerprints
feature_0622,integer,,Feature 622 of the Avalon fingerprints
feature_0623,integer,,Feature 623 of the Avalon fingerprints
feature_0624,integer,,Feature 624 of the Avalon fingerprints
feature_0625,integer,,Feature 625 of the Avalon fingerprints
feature_0626,integer,,Feature 626 of the Avalon fingerprints
feature_0627,integer,,Feature 627 of the Avalon fingerprints
feature_0628,integer,,Feature 628 of the Avalon fingerprints
feature_0629,integer,,Feature 629 of the Avalon fingerprints
feature_0630,integer,,Feature 630 of the Avalon fingerprints
feature_0631,integer,,Feature 631 of the Avalon fingerprints
feature_0632,integer,,Feature 632 of the Avalon fingerprints
feature_0633,integer,,Feature 633 of the Avalon fingerprints
feature_0634,integer,,Feature 634 of the Avalon fingerprints
feature_0635,integer,,Feature 635 of the Avalon fingerprints
feature_0636,integer,,Feature 636 of the Avalon fingerprints
feature_0637,integer,,Feature 637 of the Avalon fingerprints
feature_0638,integer,,Feature 638 of the Avalon fingerprints
feature_0639,integer,,Feature 639 of the Avalon fingerprints
feature_0640,integer,,Feature 640 of the Avalon fingerprints
feature_0641,integer,,Feature 641 of the Avalon fingerprints
feature_0642,integer,,Feature 642 of the Avalon fingerprints
feature_0643,integer,,Feature 643 of the Avalon fingerprints
feature_0644,integer,,Feature 644 of the Avalon fingerprints
feature_0645,integer,,Feature 645 of the Avalon fingerprints
feature_0646,integer,,Feature 646 of the Avalon fingerprints
feature_0647,integer,,Feature 647 of the Avalon fingerprints
feature_0648,integer,,Feature 648 of the Avalon fingerprints
feature_0649,integer,,Feature 649 of the Avalon fingerprints
feature_0650,integer,,Feature 650 of the Avalon fingerprints
feature_0651,integer,,Feature 651 of the Avalon fingerprints
feature_0652,integer,,Feature 652 of the Avalon fingerprints
feature_0653,integer,,Feature 653 of the Avalon fingerprints
feature_0654,integer,,Feature 654 of the Avalon fingerprints
feature_0655,integer,,Feature 655 of the Avalon fingerprints
feature_0656,integer,,Feature 656 of the Avalon fingerprints
feature_0657,integer,,Feature 657 of the Avalon fingerprints
feature_0658,integer,,Feature 658 of the Avalon fingerprints
feature_0659,integer,,Feature 659 of the Avalon fingerprints
feature_0660,integer,,Feature 660 of the Avalon fingerprints
feature_0661,integer,,Feature 661 of the Avalon fingerprints
feature_0662,integer,,Feature 662 of the Avalon fingerprints
feature_0663,integer,,Feature 663 of the Avalon fingerprints
feature_0664,integer,,Feature 664 of the Avalon fingerprints
feature_0665,integer,,Feature 665 of the Avalon fingerprints
feature_0666,integer,,Feature 666 of the Avalon fingerprints
feature_0667,integer,,Feature 667 of the Avalon fingerprints
feature_0668,integer,,Feature 668 of the Avalon fingerprints
feature_0669,integer,,Feature 669 of the Avalon fingerprints
feature_0670,integer,,Feature 670 of the Avalon fingerprints
feature_0671,integer,,Feature 671 of the Avalon fingerprints
feature_0672,integer,,Feature 672 of the Avalon fingerprints
feature_0673,integer,,Feature 673 of the Avalon fingerprints
feature_0674,integer,,Feature 674 of the Avalon fingerprints
feature_0675,integer,,Feature 675 of the Avalon fingerprints
feature_0676,integer,,Feature 676 of the Avalon fingerprints
feature_0677,integer,,Feature 677 of the Avalon fingerprints
feature_0678,integer,,Feature 678 of the Avalon fingerprints
feature_0679,integer,,Feature 679 of the Avalon fingerprints
feature_0680,integer,,Feature 680 of the Avalon fingerprints
feature_0681,integer,,Feature 681 of the Avalon fingerprints
feature_0682,integer,,Feature 682 of the Avalon fingerprints
feature_0683,integer,,Feature 683 of the Avalon fingerprints
feature_0684,integer,,Feature 684 of the Avalon fingerprints
feature_0685,integer,,Feature 685 of the Avalon fingerprints
feature_0686,integer,,Feature 686 of the Avalon fingerprints
feature_0687,integer,,Feature 687 of the Avalon fingerprints
feature_0688,integer,,Feature 688 of the Avalon fingerprints
feature_0689,integer,,Feature 689 of the Avalon fingerprints
feature_0690,integer,,Feature 690 of the Avalon fingerprints
feature_0691,integer,,Feature 691 of the Avalon fingerprints
feature_0692,integer,,Feature 692 of the Avalon fingerprints
feature_0693,integer,,Feature 693 of the Avalon fingerprints
feature_0694,integer,,Feature 694 of the Avalon fingerprints
feature_0695,integer,,Feature 695 of the Avalon fingerprints
feature_0696,integer,,Feature 696 of the Avalon fingerprints
feature_0697,integer,,Feature 697 of the Avalon fingerprints
feature_0698,integer,,Feature 698 of the Avalon fingerprints
feature_0699,integer,,Feature 699 of the Avalon fingerprints
feature_0700,integer,,Feature 700 of the Avalon fingerprints
feature_0701,integer,,Feature 701 of the Avalon fingerprints
feature_0702,integer,,Feature 702 of the Avalon fingerprints
feature_0703,integer,,Feature 703 of the Avalon fingerprints
feature_0704,integer,,Feature 704 of the Avalon fingerprints
feature_0705,integer,,Feature 705 of the Avalon fingerprints
feature_0706,integer,,Feature 706 of the Avalon fingerprints
feature_0707,integer,,Feature 707 of the Avalon fingerprints
feature_0708,integer,,Feature 708 of the Avalon fingerprints
feature_0709,integer,,Feature 709 of the Avalon fingerprints
feature_0710,integer,,Feature 710 of the Avalon fingerprints
feature_0711,integer,,Feature 711 of the Avalon fingerprints
feature_0712,integer,,Feature 712 of the Avalon fingerprints
feature_0713,integer,,Feature 713 of the Avalon fingerprints
feature_0714,integer,,Feature 714 of the Avalon fingerprints
feature_0715,integer,,Feature 715 of the Avalon fingerprints
feature_0716,integer,,Feature 716 of the Avalon fingerprints
feature_0717,integer,,Feature 717 of the Avalon fingerprints
feature_0718,integer,,Feature 718 of the Avalon fingerprints
feature_0719,integer,,Feature 719 of the Avalon fingerprints
feature_0720,integer,,Feature 720 of the Avalon fingerprints
feature_0721,integer,,Feature 721 of the Avalon fingerprints
feature_0722,integer,,Feature 722 of the Avalon fingerprints
feature_0723,integer,,Feature 723 of the Avalon fingerprints
feature_0724,integer,,Feature 724 of the Avalon fingerprints
feature_0725,integer,,Feature 725 of the Avalon fingerprints
feature_0726,integer,,Feature 726 of the Avalon fingerprints
feature_0727,integer,,Feature 727 of the Avalon fingerprints
feature_0728,integer,,Feature 728 of the Avalon fingerprints
feature_0729,integer,,Feature 729 of the Avalon fingerprints
feature_0730,integer,,Feature 730 of the Avalon fingerprints
feature_0731,integer,,Feature 731 of the Avalon fingerprints
feature_0732,integer,,Feature 732 of the Avalon fingerprints
feature_0733,integer,,Feature 733 of the Avalon fingerprints
feature_0734,integer,,Feature 734 of the Avalon fingerprints
feature_0735,integer,,Feature 735 of the Avalon fingerprints
feature_0736,integer,,Feature 736 of the Avalon fingerprints
feature_0737,integer,,Feature 737 of the Avalon fingerprints
feature_0738,integer,,Feature 738 of the Avalon fingerprints
feature_0739,integer,,Feature 739 of the Avalon fingerprints
feature_0740,integer,,Feature 740 of the Avalon fingerprints
feature_0741,integer,,Feature 741 of the Avalon fingerprints
feature_0742,integer,,Feature 742 of the Avalon fingerprints
feature_0743,integer,,Feature 743 of the Avalon fingerprints
feature_0744,integer,,Feature 744 of the Avalon fingerprints
feature_0745,integer,,Feature 745 of the Avalon fingerprints
feature_0746,integer,,Feature 746 of the Avalon fingerprints
feature_0747,integer,,Feature 747 of the Avalon fingerprints
feature_0748,integer,,Feature 748 of the Avalon fingerprints
feature_0749,integer,,Feature 749 of the Avalon fingerprints
feature_0750,integer,,Feature 750 of the Avalon fingerprints
feature_0751,integer,,Feature 751 of the Avalon fingerprints
feature_0752,integer,,Feature 752 of the Avalon fingerprints
feature_0753,integer,,Feature 753 of the Avalon fingerprints
feature_0754,integer,,Feature 754 of the Avalon fingerprints
feature_0755,integer,,Feature 755 of the Avalon fingerprints
feature_0756,integer,,Feature 756 of the Avalon fingerprints
feature_0757,integer,,Feature 757 of the Avalon fingerprints
feature_0758,integer,,Feature 758 of the Avalon fingerprints
feature_0759,integer,,Feature 759 of the Avalon fingerprints
feature_0760,integer,,Feature 760 of the Avalon fingerprints
feature_0761,integer,,Feature 761 of the Avalon fingerprints
feature_0762,integer,,Feature 762 of the Avalon fingerprints
feature_0763,integer,,Feature 763 of the Avalon fingerprints
feature_0764,integer,,Feature 764 of the Avalon fingerprints
feature_0765,integer,,Feature 765 of the Avalon fingerprints
feature_0766,integer,,Feature 766 of the Avalon fingerprints
feature_0767,integer,,Feature 767 of the Avalon fingerprints
feature_0768,integer,,Feature 768 of the Avalon fingerprints
feature_0769,integer,,Feature 769 of the Avalon fingerprints
feature_0770,integer,,Feature 770 of the Avalon fingerprints
feature_0771,integer,,Feature 771 of the Avalon fingerprints
feature_0772,integer,,Feature 772 of the Avalon fingerprints
feature_0773,integer,,Feature 773 of the Avalon fingerprints
feature_0774,integer,,Feature 774 of the Avalon fingerprints
feature_0775,integer,,Feature 775 of the Avalon fingerprints
feature_0776,integer,,Feature 776 of the Avalon fingerprints
feature_0777,integer,,Feature 777 of the Avalon fingerprints
feature_0778,integer,,Feature 778 of the Avalon fingerprints
feature_0779,integer,,Feature 779 of the Avalon fingerprints
feature_0780,integer,,Feature 780 of the Avalon fingerprints
feature_0781,integer,,Feature 781 of the Avalon fingerprints
feature_0782,integer,,Feature 782 of the Avalon fingerprints
feature_0783,integer,,Feature 783 of the Avalon fingerprints
feature_0784,integer,,Feature 784 of the Avalon fingerprints
feature_0785,integer,,Feature 785 of the Avalon fingerprints
feature_0786,integer,,Feature 786 of the Avalon fingerprints
feature_0787,integer,,Feature 787 of the Avalon fingerprints
feature_0788,integer,,Feature 788 of the Avalon fingerprints
feature_0789,integer,,Feature 789 of the Avalon fingerprints
feature_0790,integer,,Feature 790 of the Avalon fingerprints
feature_0791,integer,,Feature 791 of the Avalon fingerprints
feature_0792,integer,,Feature 792 of the Avalon fingerprints
feature_0793,integer,,Feature 793 of the Avalon fingerprints
feature_0794,integer,,Feature 794 of the Avalon fingerprints
feature_0795,integer,,Feature 795 of the Avalon fingerprints
feature_0796,integer,,Feature 796 of the Avalon fingerprints
feature_0797,integer,,Feature 797 of the Avalon fingerprints
feature_0798,integer,,Feature 798 of the Avalon fingerprints
feature_0799,integer,,Feature 799 of the Avalon fingerprints
feature_0800,integer,,Feature 800 of the Avalon fingerprints
feature_0801,integer,,Feature 801 of the Avalon fingerprints
feature_0802,integer,,Feature 802 of the Avalon fingerprints
feature_0803,integer,,Feature 803 of the Avalon fingerprints
feature_0804,integer,,Feature 804 of the Avalon fingerprints
feature_0805,integer,,Feature 805 of the Avalon fingerprints
feature_0806,integer,,Feature 806 of the Avalon fingerprints
feature_0807,integer,,Feature 807 of the Avalon fingerprints
feature_0808,integer,,Feature 808 of the Avalon fingerprints
feature_0809,integer,,Feature 809 of the Avalon fingerprints
feature_0810,integer,,Feature 810 of the Avalon fingerprints
feature_0811,integer,,Feature 811 of the Avalon fingerprints
feature_0812,integer,,Feature 812 of the Avalon fingerprints
feature_0813,integer,,Feature 813 of the Avalon fingerprints
feature_0814,integer,,Feature 814 of the Avalon fingerprints
feature_0815,integer,,Feature 815 of the Avalon fingerprints
feature_0816,integer,,Feature 816 of the Avalon fingerprints
feature_0817,integer,,Feature 817 of the Avalon fingerprints
feature_0818,integer,,Feature 818 of the Avalon fingerprints
feature_0819,integer,,Feature 819 of the Avalon fingerprints
feature_0820,integer,,Feature 820 of the Avalon fingerprints
feature_0821,integer,,Feature 821 of the Avalon fingerprints
feature_0822,integer,,Feature 822 of the Avalon fingerprints
feature_0823,integer,,Feature 823 of the Avalon fingerprints
feature_0824,integer,,Feature 824 of the Avalon fingerprints
feature_0825,integer,,Feature 825 of the Avalon fingerprints
feature_0826,integer,,Feature 826 of the Avalon fingerprints
feature_0827,integer,,Feature 827 of the Avalon fingerprints
feature_0828,integer,,Feature 828 of the Avalon fingerprints
feature_0829,integer,,Feature 829 of the Avalon fingerprints
feature_0830,integer,,Feature 830 of the Avalon fingerprints
feature_0831,integer,,Feature 831 of the Avalon fingerprints
feature_0832,integer,,Feature 832 of the Avalon fingerprints
feature_0833,integer,,Feature 833 of the Avalon fingerprints
feature_0834,integer,,Feature 834 of the Avalon fingerprints
feature_0835,integer,,Feature 835 of the Avalon fingerprints
feature_0836,integer,,Feature 836 of the Avalon fingerprints
feature_0837,integer,,Feature 837 of the Avalon fingerprints
feature_0838,integer,,Feature 838 of the Avalon fingerprints
feature_0839,integer,,Feature 839 of the Avalon fingerprints
feature_0840,integer,,Feature 840 of the Avalon fingerprints
feature_0841,integer,,Feature 841 of the Avalon fingerprints
feature_0842,integer,,Feature 842 of the Avalon fingerprints
feature_0843,integer,,Feature 843 of the Avalon fingerprints
feature_0844,integer,,Feature 844 of the Avalon fingerprints
feature_0845,integer,,Feature 845 of the Avalon fingerprints
feature_0846,integer,,Feature 846 of the Avalon fingerprints
feature_0847,integer,,Feature 847 of the Avalon fingerprints
feature_0848,integer,,Feature 848 of the Avalon fingerprints
feature_0849,integer,,Feature 849 of the Avalon fingerprints
feature_0850,integer,,Feature 850 of the Avalon fingerprints
feature_0851,integer,,Feature 851 of the Avalon fingerprints
feature_0852,integer,,Feature 852 of the Avalon fingerprints
feature_0853,integer,,Feature 853 of the Avalon fingerprints
feature_0854,integer,,Feature 854 of the Avalon fingerprints
feature_0855,integer,,Feature 855 of the Avalon fingerprints
feature_0856,integer,,Feature 856 of the Avalon fingerprints
feature_0857,integer,,Feature 857 of the Avalon fingerprints
feature_0858,integer,,Feature 858 of the Avalon fingerprints
feature_0859,integer,,Feature 859 of the Avalon fingerprints
feature_0860,integer,,Feature 860 of the Avalon fingerprints
feature_0861,integer,,Feature 861 of the Avalon fingerprints
feature_0862,integer,,Feature 862 of the Avalon fingerprints
feature_0863,integer,,Feature 863 of the Avalon fingerprints
feature_0864,integer,,Feature 864 of the Avalon fingerprints
feature_0865,integer,,Feature 865 of the Avalon fingerprints
feature_0866,integer,,Feature 866 of the Avalon fingerprints
feature_0867,integer,,Feature 867 of the Avalon fingerprints
feature_0868,integer,,Feature 868 of the Avalon fingerprints
feature_0869,integer,,Feature 869 of the Avalon fingerprints
feature_0870,integer,,Feature 870 of the Avalon fingerprints
feature_0871,integer,,Feature 871 of the Avalon fingerprints
feature_0872,integer,,Feature 872 of the Avalon fingerprints
feature_0873,integer,,Feature 873 of the Avalon fingerprints
feature_0874,integer,,Feature 874 of the Avalon fingerprints
feature_0875,integer,,Feature 875 of the Avalon fingerprints
feature_0876,integer,,Feature 876 of the Avalon fingerprints
feature_0877,integer,,Feature 877 of the Avalon fingerprints
feature_0878,integer,,Feature 878 of the Avalon fingerprints
feature_0879,integer,,Feature 879 of the Avalon fingerprints
feature_0880,integer,,Feature 880 of the Avalon fingerprints
feature_0881,integer,,Feature 881 of the Avalon fingerprints
feature_0882,integer,,Feature 882 of the Avalon fingerprints
feature_0883,integer,,Feature 883 of the Avalon fingerprints
feature_0884,integer,,Feature 884 of the Avalon fingerprints
feature_0885,integer,,Feature 885 of the Avalon fingerprints
feature_0886,integer,,Feature 886 of the Avalon fingerprints
feature_0887,integer,,Feature 887 of the Avalon fingerprints
feature_0888,integer,,Feature 888 of the Avalon fingerprints
feature_0889,integer,,Feature 889 of the Avalon fingerprints
feature_0890,integer,,Feature 890 of the Avalon fingerprints
feature_0891,integer,,Feature 891 of the Avalon fingerprints
feature_0892,integer,,Feature 892 of the Avalon fingerprints
feature_0893,integer,,Feature 893 of the Avalon fingerprints
feature_0894,integer,,Feature 894 of the Avalon fingerprints
feature_0895,integer,,Feature 895 of the Avalon fingerprints
feature_0896,integer,,Feature 896 of the Avalon fingerprints
feature_0897,integer,,Feature 897 of the Avalon fingerprints
feature_0898,integer,,Feature 898 of the Avalon fingerprints
feature_0899,integer,,Feature 899 of the Avalon fingerprints
feature_0900,integer,,Feature 900 of the Avalon fingerprints
feature_0901,integer,,Feature 901 of the Avalon fingerprints
feature_0902,integer,,Feature 902 of the Avalon fingerprints
feature_0903,integer,,Feature 903 of the Avalon fingerprints
feature_0904,integer,,Feature 904 of the Avalon fingerprints
feature_0905,integer,,Feature 905 of the Avalon fingerprints
feature_0906,integer,,Feature 906 of the Avalon fingerprints
feature_0907,integer,,Feature 907 of the Avalon fingerprints
feature_0908,integer,,Feature 908 of the Avalon fingerprints
feature_0909,integer,,Feature 909 of the Avalon fingerprints
feature_0910,integer,,Feature 910 of the Avalon fingerprints
feature_0911,integer,,Feature 911 of the Avalon fingerprints
feature_0912,integer,,Feature 912 of the Avalon fingerprints
feature_0913,integer,,Feature 913 of the Avalon fingerprints
feature_0914,integer,,Feature 914 of the Avalon fingerprints
feature_0915,integer,,Feature 915 of the Avalon fingerprints
feature_0916,integer,,Feature 916 of the Avalon fingerprints
feature_0917,integer,,Feature 917 of the Avalon fingerprints
feature_0918,integer,,Feature 918 of the Avalon fingerprints
feature_0919,integer,,Feature 919 of the Avalon fingerprints
feature_0920,integer,,Feature 920 of the Avalon fingerprints
feature_0921,integer,,Feature 921 of the Avalon fingerprints
feature_0922,integer,,Feature 922 of the Avalon fingerprints
feature_0923,integer,,Feature 923 of the Avalon fingerprints
feature_0924,integer,,Feature 924 of the Avalon fingerprints
feature_0925,integer,,Feature 925 of the Avalon fingerprints
feature_0926,integer,,Feature 926 of the Avalon fingerprints
feature_0927,integer,,Feature 927 of the Avalon fingerprints
feature_0928,integer,,Feature 928 of the Avalon fingerprints
feature_0929,integer,,Feature 929 of the Avalon fingerprints
feature_0930,integer,,Feature 930 of the Avalon fingerprints
feature_0931,integer,,Feature 931 of the Avalon fingerprints
feature_0932,integer,,Feature 932 of the Avalon fingerprints
feature_0933,integer,,Feature 933 of the Avalon fingerprints
feature_0934,integer,,Feature 934 of the Avalon fingerprints
feature_0935,integer,,Feature 935 of the Avalon fingerprints
feature_0936,integer,,Feature 936 of the Avalon fingerprints
feature_0937,integer,,Feature 937 of the Avalon fingerprints
feature_0938,integer,,Feature 938 of the Avalon fingerprints
feature_0939,integer,,Feature 939 of the Avalon fingerprints
feature_0940,integer,,Feature 940 of the Avalon fingerprints
feature_0941,integer,,Feature 941 of the Avalon fingerprints
feature_0942,integer,,Feature 942 of the Avalon fingerprints
feature_0943,integer,,Feature 943 of the Avalon fingerprints
feature_0944,integer,,Feature 944 of the Avalon fingerprints
feature_0945,integer,,Feature 945 of the Avalon fingerprints
feature_0946,integer,,Feature 946 of the Avalon fingerprints
feature_0947,integer,,Feature 947 of the Avalon fingerprints
feature_0948,integer,,Feature 948 of the Avalon fingerprints
feature_0949,integer,,Feature 949 of the Avalon fingerprints
feature_0950,integer,,Feature 950 of the Avalon fingerprints
feature_0951,integer,,Feature 951 of the Avalon fingerprints
feature_0952,integer,,Feature 952 of the Avalon fingerprints
feature_0953,integer,,Feature 953 of the Avalon fingerprints
feature_0954,integer,,Feature 954 of the Avalon fingerprints
feature_0955,integer,,Feature 955 of the Avalon fingerprints
feature_0956,integer,,Feature 956 of the Avalon fingerprints
feature_0957,integer,,Feature 957 of the Avalon fingerprints
feature_0958,integer,,Feature 958 of the Avalon fingerprints
feature_0959,integer,,Feature 959 of the Avalon fingerprints
feature_0960,integer,,Feature 960 of the Avalon fingerprints
feature_0961,integer,,Feature 961 of the Avalon fingerprints
feature_0962,integer,,Feature 962 of the Avalon fingerprints
feature_0963,integer,,Feature 963 of the Avalon fingerprints
feature_0964,integer,,Feature 964 of the Avalon fingerprints
feature_0965,integer,,Feature 965 of the Avalon fingerprints
feature_0966,integer,,Feature 966 of the Avalon fingerprints
feature_0967,integer,,Feature 967 of the Avalon fingerprints
feature_0968,integer,,Feature 968 of the Avalon fingerprints
feature_0969,integer,,Feature 969 of the Avalon fingerprints
feature_0970,integer,,Feature 970 of the Avalon fingerprints
feature_0971,integer,,Feature 971 of the Avalon fingerprints
feature_0972,integer,,Feature 972 of the Avalon fingerprints
feature_0973,integer,,Feature 973 of the Avalon fingerprints
feature_0974,integer,,Feature 974 of the Avalon fingerprints
feature_0975,integer,,Feature 975 of the Avalon fingerprints
feature_0976,integer,,Feature 976 of the Avalon fingerprints
feature_0977,integer,,Feature 977 of the Avalon fingerprints
feature_0978,integer,,Feature 978 of the Avalon fingerprints
feature_0979,integer,,Feature 979 of the Avalon fingerprints
feature_0980,integer,,Feature 980 of the Avalon fingerprints
feature_0981,integer,,Feature 981 of the Avalon fingerprints
feature_0982,integer,,Feature 982 of the Avalon fingerprints
feature_0983,integer,,Feature 983 of the Avalon fingerprints
feature_0984,integer,,Feature 984 of the Avalon fingerprints
feature_0985,integer,,Feature 985 of the Avalon fingerprints
feature_0986,integer,,Feature 986 of the Avalon fingerprints
feature_0987,integer,,Feature 987 of the Avalon fingerprints
feature_0988,integer,,Feature 988 of the Avalon fingerprints
feature_0989,integer,,Feature 989 of the Avalon fingerprints
feature_0990,integer,,Feature 990 of the Avalon fingerprints
feature_0991,integer,,Feature 991 of the Avalon fingerprints
feature_0992,integer,,Feature 992 of the Avalon fingerprints
feature_0993,integer,,Feature 993 of the Avalon fingerprints
feature_0994,integer,,Feature 994 of the Avalon fingerprints
feature_0995,integer,,Feature 995 of the Avalon fingerprints
feature_0996,integer,,Feature 996 of the Avalon fingerprints
feature_0997,integer,,Feature 997 of the Avalon fingerprints
feature_0998,integer,,Feature 998 of the Avalon fingerprints
feature_0999,integer,,Feature 999 of the Avalon fingerprints
feature_1000,integer,,Feature 1000 of the Avalon fingerprints
feature_1001,integer,,Feature 1001 of the Avalon fingerprints
feature_1002,integer,,Feature 1002 of the Avalon fingerprints
feature_1003,integer,,Feature 1003 of the Avalon fingerprints
feature_1004,integer,,Feature 1004 of the Avalon fingerprints
feature_1005,integer,,Feature 1005 of the Avalon fingerprints
feature_1006,integer,,Feature 1006 of the Avalon fingerprints
feature_1007,integer,,Feature 1007 of the Avalon fingerprints
feature_1008,integer,,Feature 1008 of the Avalon fingerprints
feature_1009,integer,,Feature 1009 of the Avalon fingerprints
feature_1010,integer,,Feature 1010 of the Avalon fingerprints
feature_1011,integer,,Feature 1011 of the Avalon fingerprints
feature_1012,integer,,Feature 1012 of the Avalon fingerprints
feature_1013,integer,,Feature 1013 of the Avalon fingerprints
feature_1014,integer,,Feature 1014 of the Avalon fingerprints
feature_1015,integer,,Feature 1015 of the Avalon fingerprints
feature_1016,integer,,Feature 1016 of the Avalon fingerprints
feature_1017,integer,,Feature 1017 of the Avalon fingerprints
feature_1018,integer,,Feature 1018 of the Avalon fingerprints
feature_1019,integer,,Feature 1019 of the Avalon fingerprints
feature_1020,integer,,Feature 1020 of the Avalon fingerprints
feature_1021,integer,,Feature 1021 of the Avalon fingerprints
feature_1022,integer,,Feature 1022 of the Avalon fingerprints
feature_1023,integer,,Feature 1023 of the Avalon fingerprints
